<?xml version='1.0' encoding='utf-8'?>
<nrml xmlns:gml="http://www.opengis.net/gml"
	xmlns="http://openquake.org/xmlns/nrml/0.4">
	<logicTree logicTreeID="lt1">
		<logicTreeBranchingLevel branchingLevelID="bl1">
			<logicTreeBranchSet uncertaintyType="sourceModel"
							branchSetID="bs1">
				<logicTreeBranch branchID="Example_Model-bg_BG_1-WC1994-A-m-sc_Set_1-bmin_0.95_bmax_1.05-MFD_GR-s_1">
					<uncertaintyModel>Example_Model/bg_BG_1/WC1994_A_m/sc_Set_1/bmin_0.95_bmax_1.05/MFD_GR/Source_model_1.xml</uncertaintyModel>
					<uncertaintyWeight>40.0</uncertaintyWeight>
				</logicTreeBranch>
				<logicTreeBranch branchID="Example_Model-bg_BG_1-WC1994-A-m-sc_Set_1-bmin_0.95_bmax_1.05-MFD_GR-s_2">
					<uncertaintyModel>Example_Model/bg_BG_1/WC1994_A_m/sc_Set_1/bmin_0.95_bmax_1.05/MFD_GR/Source_model_2.xml</uncertaintyModel>
					<uncertaintyWeight>40.0</uncertaintyWeight>
				</logicTreeBranch>
				<logicTreeBranch branchID="Example_Model-bg_BG_1-WC1994-A-m-sc_Set_1-bmin_0.95_bmax_1.05-MFD_GR-s_3">
					<uncertaintyModel>Example_Model/bg_BG_1/WC1994_A_m/sc_Set_1/bmin_0.95_bmax_1.05/MFD_GR/Source_model_3.xml</uncertaintyModel>
					<uncertaintyWeight>40.0</uncertaintyWeight>
				</logicTreeBranch>
				<logicTreeBranch branchID="Example_Model-bg_BG_1-WC1994-A-m-sc_Set_1-bmin_0.95_bmax_1.05-MFD_GR-s_4">
					<uncertaintyModel>Example_Model/bg_BG_1/WC1994_A_m/sc_Set_1/bmin_0.95_bmax_1.05/MFD_GR/Source_model_4.xml</uncertaintyModel>
					<uncertaintyWeight>40.0</uncertaintyWeight>
				</logicTreeBranch>
				<logicTreeBranch branchID="Example_Model-bg_BG_1-WC1994-A-m-sc_Set_1-bmin_0.95_bmax_1.05-MFD_GR-s_5">
					<uncertaintyModel>Example_Model/bg_BG_1/WC1994_A_m/sc_Set_1/bmin_0.95_bmax_1.05/MFD_GR/Source_model_5.xml</uncertaintyModel>
					<uncertaintyWeight>40.0</uncertaintyWeight>
				</logicTreeBranch>
				<logicTreeBranch branchID="Example_Model-bg_BG_1-WC1994-A-m-sc_Set_2-bmin_0.95_bmax_1.05-MFD_GR-s_1">
					<uncertaintyModel>Example_Model/bg_BG_1/WC1994_A_m/sc_Set_2/bmin_0.95_bmax_1.05/MFD_GR/Source_model_1.xml</uncertaintyModel>
					<uncertaintyWeight>40.0</uncertaintyWeight>
				</logicTreeBranch>
				<logicTreeBranch branchID="Example_Model-bg_BG_1-WC1994-A-m-sc_Set_2-bmin_0.95_bmax_1.05-MFD_GR-s_2">
					<uncertaintyModel>Example_Model/bg_BG_1/WC1994_A_m/sc_Set_2/bmin_0.95_bmax_1.05/MFD_GR/Source_model_2.xml</uncertaintyModel>
					<uncertaintyWeight>40.0</uncertaintyWeight>
				</logicTreeBranch>
				<logicTreeBranch branchID="Example_Model-bg_BG_1-WC1994-A-m-sc_Set_2-bmin_0.95_bmax_1.05-MFD_GR-s_3">
					<uncertaintyModel>Example_Model/bg_BG_1/WC1994_A_m/sc_Set_2/bmin_0.95_bmax_1.05/MFD_GR/Source_model_3.xml</uncertaintyModel>
					<uncertaintyWeight>40.0</uncertaintyWeight>
				</logicTreeBranch>
				<logicTreeBranch branchID="Example_Model-bg_BG_1-WC1994-A-m-sc_Set_2-bmin_0.95_bmax_1.05-MFD_GR-s_4">
					<uncertaintyModel>Example_Model/bg_BG_1/WC1994_A_m/sc_Set_2/bmin_0.95_bmax_1.05/MFD_GR/Source_model_4.xml</uncertaintyModel>
					<uncertaintyWeight>40.0</uncertaintyWeight>
				</logicTreeBranch>
				<logicTreeBranch branchID="Example_Model-bg_BG_1-WC1994-A-m-sc_Set_2-bmin_0.95_bmax_1.05-MFD_GR-s_5">
					<uncertaintyModel>Example_Model/bg_BG_1/WC1994_A_m/sc_Set_2/bmin_0.95_bmax_1.05/MFD_GR/Source_model_5.xml</uncertaintyModel>
					<uncertaintyWeight>40.0</uncertaintyWeight>
				</logicTreeBranch>
				<logicTreeBranch branchID="Example_Model-bg_BG_2-WC1994-A-m-sc_Set_1-bmin_0.95_bmax_1.05-MFD_GR-s_1">
					<uncertaintyModel>Example_Model/bg_BG_2/WC1994_A_m/sc_Set_1/bmin_0.95_bmax_1.05/MFD_GR/Source_model_1.xml</uncertaintyModel>
					<uncertaintyWeight>40.0</uncertaintyWeight>
				</logicTreeBranch>
				<logicTreeBranch branchID="Example_Model-bg_BG_2-WC1994-A-m-sc_Set_1-bmin_0.95_bmax_1.05-MFD_GR-s_2">
					<uncertaintyModel>Example_Model/bg_BG_2/WC1994_A_m/sc_Set_1/bmin_0.95_bmax_1.05/MFD_GR/Source_model_2.xml</uncertaintyModel>
					<uncertaintyWeight>40.0</uncertaintyWeight>
				</logicTreeBranch>
				<logicTreeBranch branchID="Example_Model-bg_BG_2-WC1994-A-m-sc_Set_1-bmin_0.95_bmax_1.05-MFD_GR-s_3">
					<uncertaintyModel>Example_Model/bg_BG_2/WC1994_A_m/sc_Set_1/bmin_0.95_bmax_1.05/MFD_GR/Source_model_3.xml</uncertaintyModel>
					<uncertaintyWeight>40.0</uncertaintyWeight>
				</logicTreeBranch>
				<logicTreeBranch branchID="Example_Model-bg_BG_2-WC1994-A-m-sc_Set_1-bmin_0.95_bmax_1.05-MFD_GR-s_4">
					<uncertaintyModel>Example_Model/bg_BG_2/WC1994_A_m/sc_Set_1/bmin_0.95_bmax_1.05/MFD_GR/Source_model_4.xml</uncertaintyModel>
					<uncertaintyWeight>40.0</uncertaintyWeight>
				</logicTreeBranch>
				<logicTreeBranch branchID="Example_Model-bg_BG_2-WC1994-A-m-sc_Set_1-bmin_0.95_bmax_1.05-MFD_GR-s_5">
					<uncertaintyModel>Example_Model/bg_BG_2/WC1994_A_m/sc_Set_1/bmin_0.95_bmax_1.05/MFD_GR/Source_model_5.xml</uncertaintyModel>
					<uncertaintyWeight>40.0</uncertaintyWeight>
				</logicTreeBranch>
				<logicTreeBranch branchID="Example_Model-bg_BG_2-WC1994-A-m-sc_Set_2-bmin_0.95_bmax_1.05-MFD_GR-s_1">
					<uncertaintyModel>Example_Model/bg_BG_2/WC1994_A_m/sc_Set_2/bmin_0.95_bmax_1.05/MFD_GR/Source_model_1.xml</uncertaintyModel>
					<uncertaintyWeight>40.0</uncertaintyWeight>
				</logicTreeBranch>
				<logicTreeBranch branchID="Example_Model-bg_BG_2-WC1994-A-m-sc_Set_2-bmin_0.95_bmax_1.05-MFD_GR-s_2">
					<uncertaintyModel>Example_Model/bg_BG_2/WC1994_A_m/sc_Set_2/bmin_0.95_bmax_1.05/MFD_GR/Source_model_2.xml</uncertaintyModel>
					<uncertaintyWeight>40.0</uncertaintyWeight>
				</logicTreeBranch>
				<logicTreeBranch branchID="Example_Model-bg_BG_2-WC1994-A-m-sc_Set_2-bmin_0.95_bmax_1.05-MFD_GR-s_3">
					<uncertaintyModel>Example_Model/bg_BG_2/WC1994_A_m/sc_Set_2/bmin_0.95_bmax_1.05/MFD_GR/Source_model_3.xml</uncertaintyModel>
					<uncertaintyWeight>40.0</uncertaintyWeight>
				</logicTreeBranch>
				<logicTreeBranch branchID="Example_Model-bg_BG_2-WC1994-A-m-sc_Set_2-bmin_0.95_bmax_1.05-MFD_GR-s_4">
					<uncertaintyModel>Example_Model/bg_BG_2/WC1994_A_m/sc_Set_2/bmin_0.95_bmax_1.05/MFD_GR/Source_model_4.xml</uncertaintyModel>
					<uncertaintyWeight>40.0</uncertaintyWeight>
				</logicTreeBranch>
				<logicTreeBranch branchID="Example_Model-bg_BG_2-WC1994-A-m-sc_Set_2-bmin_0.95_bmax_1.05-MFD_GR-s_5">
					<uncertaintyModel>Example_Model/bg_BG_2/WC1994_A_m/sc_Set_2/bmin_0.95_bmax_1.05/MFD_GR/Source_model_5.xml</uncertaintyModel>
					<uncertaintyWeight>40.0</uncertaintyWeight>
				</logicTreeBranch>
				<logicTreeBranch branchID="Example_Model-bg_BG_1-WC1994-A-m-sc_Set_1-bmin_0.95_bmax_1.05-MFD_YC_modified-s_1">
					<uncertaintyModel>Example_Model/bg_BG_1/WC1994_A_m/sc_Set_1/bmin_0.95_bmax_1.05/MFD_YC_modified/Source_model_1.xml</uncertaintyModel>
					<uncertaintyWeight>40.0</uncertaintyWeight>
				</logicTreeBranch>
				<logicTreeBranch branchID="Example_Model-bg_BG_1-WC1994-A-m-sc_Set_1-bmin_0.95_bmax_1.05-MFD_YC_modified-s_2">
					<uncertaintyModel>Example_Model/bg_BG_1/WC1994_A_m/sc_Set_1/bmin_0.95_bmax_1.05/MFD_YC_modified/Source_model_2.xml</uncertaintyModel>
					<uncertaintyWeight>40.0</uncertaintyWeight>
				</logicTreeBranch>
				<logicTreeBranch branchID="Example_Model-bg_BG_1-WC1994-A-m-sc_Set_1-bmin_0.95_bmax_1.05-MFD_YC_modified-s_3">
					<uncertaintyModel>Example_Model/bg_BG_1/WC1994_A_m/sc_Set_1/bmin_0.95_bmax_1.05/MFD_YC_modified/Source_model_3.xml</uncertaintyModel>
					<uncertaintyWeight>40.0</uncertaintyWeight>
				</logicTreeBranch>
				<logicTreeBranch branchID="Example_Model-bg_BG_1-WC1994-A-m-sc_Set_1-bmin_0.95_bmax_1.05-MFD_YC_modified-s_4">
					<uncertaintyModel>Example_Model/bg_BG_1/WC1994_A_m/sc_Set_1/bmin_0.95_bmax_1.05/MFD_YC_modified/Source_model_4.xml</uncertaintyModel>
					<uncertaintyWeight>40.0</uncertaintyWeight>
				</logicTreeBranch>
				<logicTreeBranch branchID="Example_Model-bg_BG_1-WC1994-A-m-sc_Set_1-bmin_0.95_bmax_1.05-MFD_YC_modified-s_5">
					<uncertaintyModel>Example_Model/bg_BG_1/WC1994_A_m/sc_Set_1/bmin_0.95_bmax_1.05/MFD_YC_modified/Source_model_5.xml</uncertaintyModel>
					<uncertaintyWeight>40.0</uncertaintyWeight>
				</logicTreeBranch>
				<logicTreeBranch branchID="Example_Model-bg_BG_1-WC1994-A-m-sc_Set_2-bmin_0.95_bmax_1.05-MFD_YC_modified-s_1">
					<uncertaintyModel>Example_Model/bg_BG_1/WC1994_A_m/sc_Set_2/bmin_0.95_bmax_1.05/MFD_YC_modified/Source_model_1.xml</uncertaintyModel>
					<uncertaintyWeight>40.0</uncertaintyWeight>
				</logicTreeBranch>
				<logicTreeBranch branchID="Example_Model-bg_BG_1-WC1994-A-m-sc_Set_2-bmin_0.95_bmax_1.05-MFD_YC_modified-s_2">
					<uncertaintyModel>Example_Model/bg_BG_1/WC1994_A_m/sc_Set_2/bmin_0.95_bmax_1.05/MFD_YC_modified/Source_model_2.xml</uncertaintyModel>
					<uncertaintyWeight>40.0</uncertaintyWeight>
				</logicTreeBranch>
				<logicTreeBranch branchID="Example_Model-bg_BG_1-WC1994-A-m-sc_Set_2-bmin_0.95_bmax_1.05-MFD_YC_modified-s_3">
					<uncertaintyModel>Example_Model/bg_BG_1/WC1994_A_m/sc_Set_2/bmin_0.95_bmax_1.05/MFD_YC_modified/Source_model_3.xml</uncertaintyModel>
					<uncertaintyWeight>40.0</uncertaintyWeight>
				</logicTreeBranch>
				<logicTreeBranch branchID="Example_Model-bg_BG_1-WC1994-A-m-sc_Set_2-bmin_0.95_bmax_1.05-MFD_YC_modified-s_4">
					<uncertaintyModel>Example_Model/bg_BG_1/WC1994_A_m/sc_Set_2/bmin_0.95_bmax_1.05/MFD_YC_modified/Source_model_4.xml</uncertaintyModel>
					<uncertaintyWeight>40.0</uncertaintyWeight>
				</logicTreeBranch>
				<logicTreeBranch branchID="Example_Model-bg_BG_1-WC1994-A-m-sc_Set_2-bmin_0.95_bmax_1.05-MFD_YC_modified-s_5">
					<uncertaintyModel>Example_Model/bg_BG_1/WC1994_A_m/sc_Set_2/bmin_0.95_bmax_1.05/MFD_YC_modified/Source_model_5.xml</uncertaintyModel>
					<uncertaintyWeight>40.0</uncertaintyWeight>
				</logicTreeBranch>
				<logicTreeBranch branchID="Example_Model-bg_BG_2-WC1994-A-m-sc_Set_1-bmin_0.95_bmax_1.05-MFD_YC_modified-s_1">
					<uncertaintyModel>Example_Model/bg_BG_2/WC1994_A_m/sc_Set_1/bmin_0.95_bmax_1.05/MFD_YC_modified/Source_model_1.xml</uncertaintyModel>
					<uncertaintyWeight>40.0</uncertaintyWeight>
				</logicTreeBranch>
				<logicTreeBranch branchID="Example_Model-bg_BG_2-WC1994-A-m-sc_Set_1-bmin_0.95_bmax_1.05-MFD_YC_modified-s_2">
					<uncertaintyModel>Example_Model/bg_BG_2/WC1994_A_m/sc_Set_1/bmin_0.95_bmax_1.05/MFD_YC_modified/Source_model_2.xml</uncertaintyModel>
					<uncertaintyWeight>40.0</uncertaintyWeight>
				</logicTreeBranch>
				<logicTreeBranch branchID="Example_Model-bg_BG_2-WC1994-A-m-sc_Set_1-bmin_0.95_bmax_1.05-MFD_YC_modified-s_3">
					<uncertaintyModel>Example_Model/bg_BG_2/WC1994_A_m/sc_Set_1/bmin_0.95_bmax_1.05/MFD_YC_modified/Source_model_3.xml</uncertaintyModel>
					<uncertaintyWeight>40.0</uncertaintyWeight>
				</logicTreeBranch>
				<logicTreeBranch branchID="Example_Model-bg_BG_2-WC1994-A-m-sc_Set_1-bmin_0.95_bmax_1.05-MFD_YC_modified-s_4">
					<uncertaintyModel>Example_Model/bg_BG_2/WC1994_A_m/sc_Set_1/bmin_0.95_bmax_1.05/MFD_YC_modified/Source_model_4.xml</uncertaintyModel>
					<uncertaintyWeight>40.0</uncertaintyWeight>
				</logicTreeBranch>
				<logicTreeBranch branchID="Example_Model-bg_BG_2-WC1994-A-m-sc_Set_1-bmin_0.95_bmax_1.05-MFD_YC_modified-s_5">
					<uncertaintyModel>Example_Model/bg_BG_2/WC1994_A_m/sc_Set_1/bmin_0.95_bmax_1.05/MFD_YC_modified/Source_model_5.xml</uncertaintyModel>
					<uncertaintyWeight>40.0</uncertaintyWeight>
				</logicTreeBranch>
				<logicTreeBranch branchID="Example_Model-bg_BG_2-WC1994-A-m-sc_Set_2-bmin_0.95_bmax_1.05-MFD_YC_modified-s_1">
					<uncertaintyModel>Example_Model/bg_BG_2/WC1994_A_m/sc_Set_2/bmin_0.95_bmax_1.05/MFD_YC_modified/Source_model_1.xml</uncertaintyModel>
					<uncertaintyWeight>40.0</uncertaintyWeight>
				</logicTreeBranch>
				<logicTreeBranch branchID="Example_Model-bg_BG_2-WC1994-A-m-sc_Set_2-bmin_0.95_bmax_1.05-MFD_YC_modified-s_2">
					<uncertaintyModel>Example_Model/bg_BG_2/WC1994_A_m/sc_Set_2/bmin_0.95_bmax_1.05/MFD_YC_modified/Source_model_2.xml</uncertaintyModel>
					<uncertaintyWeight>40.0</uncertaintyWeight>
				</logicTreeBranch>
				<logicTreeBranch branchID="Example_Model-bg_BG_2-WC1994-A-m-sc_Set_2-bmin_0.95_bmax_1.05-MFD_YC_modified-s_3">
					<uncertaintyModel>Example_Model/bg_BG_2/WC1994_A_m/sc_Set_2/bmin_0.95_bmax_1.05/MFD_YC_modified/Source_model_3.xml</uncertaintyModel>
					<uncertaintyWeight>40.0</uncertaintyWeight>
				</logicTreeBranch>
				<logicTreeBranch branchID="Example_Model-bg_BG_2-WC1994-A-m-sc_Set_2-bmin_0.95_bmax_1.05-MFD_YC_modified-s_4">
					<uncertaintyModel>Example_Model/bg_BG_2/WC1994_A_m/sc_Set_2/bmin_0.95_bmax_1.05/MFD_YC_modified/Source_model_4.xml</uncertaintyModel>
					<uncertaintyWeight>40.0</uncertaintyWeight>
				</logicTreeBranch>
				<logicTreeBranch branchID="Example_Model-bg_BG_2-WC1994-A-m-sc_Set_2-bmin_0.95_bmax_1.05-MFD_YC_modified-s_5">
					<uncertaintyModel>Example_Model/bg_BG_2/WC1994_A_m/sc_Set_2/bmin_0.95_bmax_1.05/MFD_YC_modified/Source_model_5.xml</uncertaintyModel>
					<uncertaintyWeight>40.0</uncertaintyWeight>
				</logicTreeBranch>
			</logicTreeBranchSet>
		</logicTreeBranchingLevel>
	</logicTree>
</nrml>
